Workbook

Sheet ①입력값
A1: 영업권 평가 — 입력 파라미터 (상증령§59 기준)
A2: 평가 기준일 | B2: 2026-05-05 | C2: YYYY-MM-DD
A3: 평가 목적 | B3: 법인전환 | C3: 법인전환|M&A|가업승계|상속증여
A5: 재무 데이터 (최근 3개년 평균)
A6: 최근 3년 평균 순손익 (원) | B6: 500000000 | C6: 당기순이익 평균
A7: 자기자본 시가 (원) | B7: 1500000000 | C7: 자산시가 - 부채시가
A8: 매출액 (원) | B8: 2000000000 | C8: 최근 1개년
A9: EBITDA 추정 (원) | B9: 600000000 | C9: 순손익 × 1.2 추정
A10: 유형순자산 (원) | B10: 1000000000 | C10: 건물·기계·설비 시가
A12: 평가 파라미터 (수정 가능)
A13: 환원율 (초과이익환원법·§59) | B13: 0.06 | C13: 일반: 5~7%
A14: 자본환원율 (정상수익률·§54) | B14: 0.1 | C14: 법령 고정: 10%
A15: 할인율 WACC (수익환원법) | B15: 0.06 | C15: WACC: 5~8%
A16: 연간 성장률 가정 (DCF) | B16: 0.03 | C16: 3~5%
A17: EV/EBITDA 멀티플 (거래사례) | B17: 5 | C17: 업종별 2~10배
A18: P/E 멀티플 (거래사례) | B18: 10 | C18: 업종별 5~20배
A19: DCF 예측 기간 (수익환원법) | B19: 5 | C19: 5~10년
A21: ※ 법령 기준: 상증법§64·상증령§59·§54·법§52·소§94·조특§32

Sheet ②초과이익환원법
A1: 초과이익환원법 (상증령§59) — 법인전환·가업승계·상속증여 표준
A2: STEP 1. 정상 순이익 산정
A3: 자기자본 시가 (원) | B3: =①입력값!B7
A4: 자본환원율 (§54) | B4: =①입력값!B14
A5: 정상 순이익 = 자기자본 × 자본환원율 | B5: =B4*B5
A6: STEP 2. 초과이익 산정
A7: 최근 3년 평균 순손익 (원) | B7: =①입력값!B6
A8: 초과이익 = 순손익 - 정상순이익 (원) | B8: =MAX(0,B8-B6)
A9: STEP 3. 환원계수 산정
A10: 환원율 | B10: =①입력값!B13
A11: 환원계수 = 1 / 환원율 | B11: =IFERROR(1/B11,0)
A12: STEP 4. 영업권 산출
A13: ★ 영업권 = 초과이익 × 환원계수 (원) | B13: =B9*B12
A14: 5년 균등상각 (연 손금) | B14: =B14/5
A15: 양도소득세 추정 (소§94·22%) | B15: =B14*0.22
A18: 법령 근거: 상증령§59, §54 / 소득세법§94 ①4 / 조특§32 / 법§24·법시§35

Sheet ③수익환원법DCF
A1: 수익환원법 (DCF) — M&A · 수익성 기업 평가
A2: 구분 | B2: 1년차 | C2: 2년차 | D2: 3년차 | E2: 4년차 | F2: 5년차 | G2: 잔존가치 | H2: 합계 영업권
A3: 초과이익 (성장 반영)
A4: 현가계수 (1/(1+r)^n)
A5: 현재가치
A6: 잔존가치 (고든성장)
A7: ★ DCF 영업권 합계
A10: 할인율 (WACC) 참조 | B10: =①입력값!B15
A11: 연간 성장률 | B11: =①입력값!B16
A12: 법령 근거: DCF + 상증령§59 병용

Sheet ④거래사례비교법
A1: 거래사례비교법 — 동종업종 EV/EBITDA · P/E 멀티플
A2: EV/EBITDA 방식
A3: EBITDA (원) | B3: =①입력값!B9
A4: EV/EBITDA 멀티플 | B4: =①입력값!B17
A5: 기업가치(EV) = EBITDA × 멀티플 | B5: =B4*B5
A6: 유형순자산 (원) | B6: =①입력값!B10
A7: 영업권 = EV - 유형순자산 | B7: =MAX(0,B6-B7)
A8: P/E 방식
A9: 평균 순손익 (원) | B9: =①입력값!B6
A10: P/E 멀티플 | B10: =①입력값!B18
A11: 주식가치 = 순손익 × P/E | B11: =B10*B11
A12: 영업권 = 주식가치 - 유형순자산 | B12: =MAX(0,B12-B7)
A13: ★ 평균 영업권 = (EV/EBITDA + P/E) / 2 | B13: =(B8+B13)/2
A14: 법령 근거: 시가 참고 (법§52) + DART 동종업종 비교

Sheet ⑤잔여접근법
A1: 잔여접근법 — 총사업가치 - 식별가능 유형순자산
A2: 총사업가치 (수익환원법 활용·원) | B2: =③수익환원법DCF!B7
A3: 식별가능 유형순자산 (원) | B3: =①입력값!B10
A4: ★ 영업권 = 총사업가치 - 유형순자산 (원) | B4: =MAX(0,B3-B4)
A5: 법령 근거: K-IFRS 1103 사업결합 + 법§52

Sheet ⑥비교표_추천
A1: 4가지 평가법 비교 + 케이스별 추천
A2: 평가법 | B2: 영업권 산출액 (원) | C2: 법령 근거 | D2: 적용 케이스
A3: 초과이익환원법 | B3: =②초과이익환원법!B14 | C3: 상증령§59·§54 | D3: 법인전환·가업승계·상속증여 ★표준
A4: 수익환원법(DCF) | B4: =③수익환원법DCF!B7 | C4: DCF·WACC | D4: M&A·투자 가치 산정
A5: 거래사례비교법 | B5: =④거래사례비교법!B14 | C5: 법§52 시가 참고 | D5: 분쟁조정·객관적 시장가
A6: 잔여접근법 | B6: =⑤잔여접근법!B4 | C6: K-IFRS 1103 | D6: 총사업가치 기반 담보평가
A8: ★ 케이스별 추천
A9: 법인전환 | B9: 초과이익환원법 | D9: 세무서 인정도 최고 (상증령§59)
A10: 가업승계·상속증여 | B10: 초과이익환원법 | D10: 상증법§64 강제 적용
A11: M&A·인수합병 | B11: 수익환원법+거래사례 평균 | D11: 수익 창출 능력 중심
A12: 담보·신용평가 | B12: 잔여접근법 | D12: 유형자산 제외 무형가치

Sheet ⑦4자관점매트릭스
A1: 4자관점(법인·양도자·과세관청·금융기관) × 3시점(Pre·Now·Post) 12셀
A2: 관점 | B2: 사전 (Pre) | C2: 현재 (Now) | D2: 사후 (Post)
A3: 법인 | B3: 재무 데이터 정합·평가 기준일 확정 | C3: 영업권 자산 인식·취득가액 기장 | D3: 5년 균등상각 (연 손금)·손상 분기 점검
A4: 양도자(개인) | B4: 영업권 가액 협상·평가법 검토 | C4: 양도소득 확정·세금 납부 or 이월과세 | D4: 이월과세 5년 추적·경정청구 가능성
A5: 과세관청 | B5: 상증령§59 산식 사전심사·시가 기준 | C5: 평가 적정성 검토·법§52 시가 검증 | D5: 세무조사·추징 가능성·경정청구 처리
A6: 금융기관 | B6: 영업권 담보가치 인정 여부 협의 | C6: 영업권 반영 자기자본비율 재산정 | D6: 상각 후 재평가·여신 갱신

Sheet ⑧시나리오3종
A1: 시나리오 3종 (초과이익환원법 기준 — 환원율·정상수익률 변동)
A2: 항목 | B2: 보수 시나리오 | C2: 중립 시나리오 | D2: 낙관 시나리오
A3: 환원율 | B3: 0.07 | C3: 0.06 | D3: 0.05
A4: 정상수익률 (§54) | B4: 0.12 | C4: 0.1 | D4: 0.08
A5: 자기자본 (원) | B5: =①입력값!B7 | C5: =①입력값!B7 | D5: =①입력값!B7
A6: 정상순이익 (원) | B6: =D4*B4 | C6: =D4*C4 | D6: =D4*D4
A7: 평균순손익 (원) | B7: =①입력값!B6 | C7: =①입력값!B6 | D7: =①입력값!B6
A8: 초과이익 (원) | B8: =MAX(0,B7-B6) | C8: =MAX(0,C7-C6) | D8: =MAX(0,D7-D6)
A9: 환원계수 | B9: =IFERROR(1/B3,0) | C9: =IFERROR(1/C3,0) | D9: =IFERROR(1/D3,0)
A10: ★ 영업권 (원) | B10: =B8*B9 | C10: =C8*C9 | D10: =D8*D9
A11: 5년 상각 (연, 원) | B11: =B10/5 | C11: =C10/5 | D11: =D10/5
A12: 양도소득세 추정 (원) | B12: =B10*0.22 | C12: =C10*0.22 | D12: =D10*0.22
A15: 법령: 상증령§59·§54 / 소§94 / 조특§32 / 법§24·법시§35
